INSERT INTO tabela_alunos (ra, nomeCompleto, email, classificacao) VALUES
('25008239', 'Marcos Silva', 'marcos.silva@example.com', 4),
('25441563', 'Ana Rodrigues', 'ana.rodrigues@example.com', 2),
('55471256', 'João Pereira', 'joao.pereira@example.com', 5),
('24891572', 'Julia Andrade', 'julia.andrade@example.com', 1),
('26789144', 'Rafael Costa', 'rafael.costa@example.com', 3),
('28155922', 'Fernanda Souza', 'fernanda.souza@example.com', 4),
('29851477', 'Gabriel Martins', 'gabriel.martins@example.com', 5),
('31544782', 'Beatriz Lopes', 'beatriz.lopes@example.com', 2),
('32987451', 'Carlos Henrique', 'carlos.henrique@example.com', 3),
('34218795', 'Larissa Duarte', 'larissa.duarte@example.com', 1),
('35649122', 'Pedro Carvalho', 'pedro.carvalho@example.com', 4),
('36721549', 'Mariana Monteiro', 'mariana.monteiro@example.com', 3),
('37854129', 'Lucas Braga', 'lucas.braga@example.com', 5),
('38971524', 'Aline Cruz', 'aline.cruz@example.com', 1),
('39561247', 'Thiago Mendes', 'thiago.mendes@example.com', 2),
('40258931', 'Patricia Gomes', 'patricia.gomes@example.com', 4),
('41587329', 'Renato Freitas', 'renato.freitas@example.com', 3),
('42891576', 'Isabela Fernandes', 'isabela.fernandes@example.com', 5),
('43987152', 'Vinicius Teixeira', 'vinicius.teixeira@example.com', 4),
('44289175', 'Tatiane Barros', 'tatiane.barros@example.com', 2),
('45571239', 'Rodrigo Ribeiro', 'rodrigo.ribeiro@example.com', 3),
('46257913', 'Sofia Dias', 'sofia.dias@example.com', 1),
('47891524', 'Daniel Azevedo', 'daniel.azevedo@example.com', 5),
('48971256', 'Camila Moura', 'camila.moura@example.com', 4),
('49182563', 'Eduardo Santana', 'eduardo.santana@example.com', 2),
('50287144', 'Luiza Correia', 'luiza.correia@example.com', 3),
('51487922', 'Hugo Tavares', 'hugo.tavares@example.com', 5),
('52971485', 'Natália Prado', 'natalia.prado@example.com', 1),
('53649152', 'Felipe Barroso', 'felipe.barroso@example.com', 3),
('54982233', 'Carol Linhares', 'carol.linhares@example.com', 2),
('55172418', 'Roberto Matos', 'roberto.matos@example.com', 4),
('56347915', 'Leticia Assis', 'leticia.assis@example.com', 5),
('57481922', 'Henrique Porto', 'henrique.porto@example.com', 3),
('58912479', 'Silvia Meireles', 'silvia.meireles@example.com', 2),
('59571248', 'Otávio Silveira', 'otavio.silveira@example.com', 4),
('60281744', 'Michelle Torres', 'michelle.torres@example.com', 1),
('61897451', 'Diego Bastos', 'diego.bastos@example.com', 5),
('62789122', 'Larissa Pires', 'larissa.pires@example.com', 2),
('63981755', 'Jorge Lima', 'jorge.lima@example.com', 3),
('64571293', 'Carla Farias', 'carla.farias@example.com', 4),
('65789412', 'Samuel Nogueira', 'samuel.nogueira@example.com', 5),
('66891755', 'Daniela Paiva', 'daniela.paiva@example.com', 2),
('67912481', 'Igor Soares', 'igor.soares@example.com', 1),
('68579144', 'Juliana Neves', 'juliana.neves@example.com', 4),
('69381427', 'Mauro Rezende', 'mauro.rezende@example.com', 3),
('70481529', 'Ellen Viana', 'ellen.viana@example.com', 5),
('71582491', 'Tatiana Luz', 'tatiana.luz@example.com', 2),
('72891547', 'Wagner Fonseca', 'wagner.fonseca@example.com', 3),
('73981522', 'Priscila Nunes', 'priscila.nunes@example.com', 4);

INSERT INTO tabela_livros (tituloLivro, autorLivro, editora) VALUES
('O Mistério da Serra', 'Carlos Pontes', 'Moderna'),
('Segredos do Subsolo', 'Ana Lima', 'Record'),
('A Casa de Vidro', 'Mariana Sampaio', 'Saraiva'),
('Horizontes Perdidos', 'Paulo Neves', 'Atlas'),
('Sombras da Noite', 'Laura Figueiredo', 'Intrínseca'),
('O Portão Cinza', 'Roberto Alves', 'Companhia das Letras'),
('Caminho de Fogo', 'Isabela Torres', 'Rocco'),
('Ventos do Norte', 'Thiago Moura', 'Record'),
('A Última Jornada', 'Julia Barros', 'Moderna'),
('O Enigma Azul', 'Rafael Antunes', 'Atlas'),
('Tempestade de Areia', 'João Matos', 'Saraiva'),
('O Vale Esquecido', 'Carla Mendes', 'Rocco'),
('Luz na Escuridão', 'Gabriel Santos', 'Intrínseca'),
('Sussurros da Floresta', 'Larissa Prado', 'Record'),
('A Chave de Prata', 'Carlos Muniz', 'Companhia das Letras'),
('O Guardião Perdido', 'Eduardo Lira', 'Moderna'),
('Túnel de Sombras', 'Felipe Andrade', 'Saraiva'),
('O Segredo do Tempo', 'Marcos Ribeiro', 'Atlas'),
('A Herdeira do Vento', 'Beatriz Lopes', 'Rocco'),
('Memórias Fragmentadas', 'Patricia Duarte', 'Intrínseca'),
('O Chamado do Abismo', 'Rodrigo Santos', 'Record'),
('Caminhos de Pedra', 'Sofia Moura', 'Saraiva'),
('Asas de Vidro', 'Camila Fernandes', 'Rocco'),
('Além do Horizonte', 'Henrique Peixoto', 'Atlas'),
('Noite Sem Fim', 'Tatiane Guedes', 'Moderna'),
('O Selo Vermelho', 'Vinicius Almeida', 'Companhia das Letras'),
('Sombras do Passado', 'Michelle Moreira', 'Record'),
('A Sétima Porta', 'Hugo Leal', 'Rocco'),
('O Eco do Silêncio', 'Daniel Faria', 'Intrínseca'),
('Fronteiras Invisíveis', 'Leticia Ramos', 'Atlas'),
('O Colecionador de Estrelas', 'João Prado', 'Saraiva'),
('Rota de Colisão', 'Rafael Gama', 'Moderna'),
('Névoa Dourada', 'Isabela Souza', 'Rocco'),
('Fragmentos do Amanhã', 'Otávio Ramos', 'Intrínseca'),
('A Ilha de Ferro', 'Carla Montenegro', 'Record'),
('A Luz do Luar', 'Diego Almeida', 'Saraiva'),
('Caminho Infinito', 'Fernando Reis', 'Atlas'),
('O Sino de Ouro', 'Juliana Cunha', 'Rocco'),
('As Sombras de Orion', 'Thiago Lacerda', 'Moderna'),
('Além da Névoa', 'Patricia Freire', 'Companhia das Letras'),
('Trilhas de Gelo', 'Bruno Azevedo', 'Record'),
('O Canto das Pedras', 'Larissa Torres', 'Rocco'),
('O Último Horizonte', 'Felipe Alves', 'Saraiva'),
('Asas de Aço', 'Daniel Rodrigues', 'Atlas'),
('A Marca da Serpente', 'Renata Moura', 'Intrínseca'),
('A Estrada Partida', 'Jorge Campos', 'Moderna'),
('O Lago Negro', 'Leticia Duarte', 'Rocco'),
('Códigos Perdidos', 'Mauro Fernandes', 'Record'),
('A Canção do Deserto', 'Carolina Silva', 'Saraiva');

INSERT INTO tabela_emprestimos (aluno_id, livro_titulo, data_retirada, data_devolucao) VALUES
('25008239', 'O Mistério da Serra', '2024-01-10', '2024-01-20'),
('25441563', 'Segredos do Subsolo', '2024-01-12', '2024-01-25'),
('55471256', 'A Casa de Vidro', '2024-02-01', '2024-02-15'),
('24891572', 'Horizontes Perdidos', '2024-02-05', NULL),
('26789144', 'Sombras da Noite', '2024-03-01', '2024-03-12'),
('28155922', 'O Portão Cinza', '2024-03-10', NULL),
('29851477', 'Caminho de Fogo', '2024-03-11', '2024-03-20'),
('31544782', 'Ventos do Norte', '2024-03-19', NULL),
('32987451', 'A Última Jornada', '2024-03-25', '2024-04-02'),
('34218795', 'O Enigma Azul', '2024-04-01', NULL),
('35649122', 'Tempestade de Areia', '2024-04-05', '2024-04-15'),
('36721549', 'O Vale Esquecido', '2024-04-11', NULL),
('37854129', 'Luz na Escuridão', '2024-04-12', '2024-04-22'),
('38971524', 'Sussurros da Floresta', '2024-04-18', NULL),
('39561247', 'A Chave de Prata', '2024-05-01', '2024-05-11'),
('40258931', 'O Guardião Perdido', '2024-05-05', NULL),
('41587329', 'Túnel de Sombras', '2024-05-09', '2024-05-20'),
('42891576', 'O Segredo do Tempo', '2024-05-13', NULL),
('43987152', 'A Herdeira do Vento', '2024-05-18', '2024-05-29'),
('44289175', 'Memórias Fragmentadas', '2024-06-01', NULL),
('45571239', 'O Chamado do Abismo', '2024-06-03', '2024-06-15'),
('46257913', 'Caminhos de Pedra', '2024-06-10', NULL),
('47891524', 'Asas de Vidro', '2024-06-12', '2024-06-22'),
('48971256', 'Além do Horizonte', '2024-07-01', NULL),
('49182563', 'Noite Sem Fim', '2024-07-05', '2024-07-19'),
('50287144', 'O Selo Vermelho', '2024-07-11', NULL),
('51487922', 'Sombras do Passado', '2024-07-18', '2024-07-27'),
('52971485', 'A Sétima Porta', '2024-08-01', NULL),
('53649152', 'O Eco do Silêncio', '2024-08-04', '2024-08-15'),
('54982233', 'Fronteiras Invisíveis', '2024-08-13', NULL),
('55172418', 'O Colecionador de Estrelas', '2024-08-19', '2024-08-30'),
('56347915', 'Rota de Colisão', '2024-09-01', NULL),
('57481922', 'Névoa Dourada', '2024-09-03', '2024-09-14'),
('58912479', 'Fragmentos do Amanhã', '2024-09-10', NULL),
('59571248', 'A Ilha de Ferro', '2024-09-15', '2024-09-29'),
('60281744', 'A Luz do Luar', '2024-10-01', NULL),
('61897451', 'Caminho Infinito', '2024-10-05', '2024-10-16'),
('62789122', 'O Sino de Ouro', '2024-10-12', NULL),
('63981755', 'As Sombras de Orion', '2024-10-18', '2024-10-30'),
('64571293', 'Além da Névoa', '2024-11-01', NULL),
('65789412', 'Trilhas de Gelo', '2024-11-05', '2024-11-14'),
('66891755', 'O Canto das Pedras', '2024-11-12', NULL),
('67912481', 'O Último Horizonte', '2024-11-19', '2024-11-30'),
('68579144', 'Asas de Aço', '2024-12-01', NULL),
('69381427', 'A Marca da Serpente', '2024-12-05', '2024-12-17'),
('70481529', 'A Estrada Partida', '2024-12-10', NULL),
('71582491', 'O Lago Negro', '2024-12-14', '2024-12-28'),
('72891547', 'Códigos Perdidos', '2024-12-20', NULL),
('73981522', 'A Canção do Deserto', '2024-12-29', NULL);